# A1 Stufe 2 — Flussleiter: f_c(I), C(I) und die ON/OFF-Asymmetrie
# Zweck: das eigentliche A1-Ergebnis. f_c an mehreren Arbeitspunkten, um
# 'f_c ~ I' zu pruefen — das Akzeptanzkriterium, an dem sich entscheidet, ob die
# Flussachse stimmt (Kruemmung deutet auf einen Kalibrierfehler, nicht auf neue
# Pixelphysik; dann geht es zu A6).
# 
# ERST FAHREN, WENN STUFE 1 BESTANDEN IST. Ohne Plateau ist jedes f_c hier
# wieder nur eine Obergrenze, und ohne bestandenen DC-Test ist die Normierung
# nicht gerechtfertigt.
# 
# Frequenzleiter je Arbeitspunkt: etwa 0.08 bis 12 x das ERWARTETE f_c,
# geometrisch. Beim dunkelsten Punkt wird f_min auf 0.075 Hz angehoben, weil
# die urspruenglichen 0.058 Hz bei 500 kSa/s nicht in den 32-s-Cache passen.
# Die Erwartung skaliert linear aus dem Messwert f_c(0.40) = 2.9 Hz — genau die
# Annahme, die geprueft wird. Liegt f_c weit daneben, sitzt die Leiter schief;
# nach dem ersten Arbeitspunkt kurz kontrollieren und ggf. neu generieren.
# 
# Oberhalb ~20 x f_c war bei der Vorsitzung keine Antwort mehr messbar
# (|H| < 0.03), deshalb endet die Leiter dort statt bei 2 kHz.
#
# Umfang: 231 Recordings, ~224 min reine Aufnahmezeit (inkl. 11 s Overhead je Recording)
label,mean_u,frequency_hz,depth_a,duration_s,settle_s,role
#
# ==========================================================================
# mean_u = 0.10   erwartetes f_c ~ 0.72 Hz   Leiter 0.075 .. 8.7 Hz
# Lokales Plateau: 0.075 und 0.145 Hz; diese Punkte duerfen nicht durch die 0.30-Messung ersetzt werden.
#
# --- Flusspunkt mean_u = 0.10 ----------------------------------------
floor,0.10,0.725,0.02,28,8,background
windows,0.10,0.075,1.70,120,3,pilot
windows,0.10,8.7,1.70,20,3,pilot
ladder,0.10,0.075,0.15,267,3,
ladder,0.10,0.075,0.28,267,3,
ladder,0.10,0.075,0.45,267,3,
ladder,0.10,0.075,0.80,267,3,
ladder,0.10,0.075,1.70,267,3,
ladder,0.10,0.145,1.70,138,3,
ladder,0.10,0.145,0.80,138,3,
ladder,0.10,0.145,0.45,138,3,
ladder,0.10,0.145,0.28,138,3,
ladder,0.10,0.145,0.15,138,3,
ladder,0.10,0.362,0.15,56,3,
ladder,0.10,0.362,0.28,56,3,
ref,0.10,0.145,0.80,120,3,
ladder,0.10,0.362,0.45,56,3,
ladder,0.10,0.362,0.80,56,3,
ladder,0.10,0.362,1.30,56,3,
ladder,0.10,0.362,1.70,56,3,
ladder,0.10,0.725,1.70,28,3,
ladder,0.10,0.725,1.30,28,3,
ladder,0.10,0.725,0.80,28,3,
ladder,0.10,0.725,0.45,28,3,
ladder,0.10,0.725,0.28,28,3,
ladder,0.10,0.725,0.15,28,3,
ladder,0.10,1.595,0.15,20,3,
ladder,0.10,1.595,0.28,20,3,
ref,0.10,0.145,0.80,120,3,
ladder,0.10,1.595,0.45,20,3,
ladder,0.10,1.595,0.80,20,3,
ladder,0.10,1.595,1.30,20,3,
ladder,0.10,1.595,1.70,20,3,
ladder,0.10,3.625,1.70,20,3,
ladder,0.10,3.625,1.30,20,3,
ladder,0.10,3.625,0.80,20,3,
ladder,0.10,3.625,0.45,20,3,
ladder,0.10,3.625,0.28,20,3,
ladder,0.10,3.625,0.15,20,3,
ladder,0.10,8.7,0.15,20,3,
ladder,0.10,8.7,0.28,20,3,
ref,0.10,0.145,0.80,120,3,
ladder,0.10,8.7,0.45,20,3,
ladder,0.10,8.7,0.80,20,3,
ladder,0.10,8.7,1.30,20,3,
ladder,0.10,8.7,1.70,20,3,
#
# ==========================================================================
# mean_u = 0.17   erwartetes f_c ~ 1.23 Hz   Leiter 0.099 .. 14.79 Hz
# Lokales Plateau: 0.099 und 0.246 Hz; diese Punkte duerfen nicht durch die 0.30-Messung ersetzt werden.
#
# --- Flusspunkt mean_u = 0.17 ----------------------------------------
floor,0.17,1.232,0.02,20,8,background
windows,0.17,0.099,1.70,120,3,pilot
windows,0.17,14.79,1.70,20,3,pilot
ladder,0.17,0.099,0.15,203,3,
ladder,0.17,0.099,0.28,203,3,
ladder,0.17,0.099,0.45,203,3,
ladder,0.17,0.099,0.80,203,3,
ladder,0.17,0.099,1.70,203,3,
ladder,0.17,0.246,1.70,82,3,
ladder,0.17,0.246,0.80,82,3,
ladder,0.17,0.246,0.45,82,3,
ladder,0.17,0.246,0.28,82,3,
ladder,0.17,0.246,0.15,82,3,
ladder,0.17,0.616,0.15,33,3,
ladder,0.17,0.616,0.28,33,3,
ref,0.17,0.246,0.80,81,3,
ladder,0.17,0.616,0.45,33,3,
ladder,0.17,0.616,0.80,33,3,
ladder,0.17,0.616,1.30,33,3,
ladder,0.17,0.616,1.70,33,3,
ladder,0.17,1.232,1.70,20,3,
ladder,0.17,1.232,1.30,20,3,
ladder,0.17,1.232,0.80,20,3,
ladder,0.17,1.232,0.45,20,3,
ladder,0.17,1.232,0.28,20,3,
ladder,0.17,1.232,0.15,20,3,
ladder,0.17,2.712,0.15,20,3,
ladder,0.17,2.712,0.28,20,3,
ref,0.17,0.246,0.80,81,3,
ladder,0.17,2.712,0.45,20,3,
ladder,0.17,2.712,0.80,20,3,
ladder,0.17,2.712,1.30,20,3,
ladder,0.17,2.712,1.70,20,3,
ladder,0.17,6.162,1.70,20,3,
ladder,0.17,6.162,1.30,20,3,
ladder,0.17,6.162,0.80,20,3,
ladder,0.17,6.162,0.45,20,3,
ladder,0.17,6.162,0.28,20,3,
ladder,0.17,6.162,0.15,20,3,
ladder,0.17,14.79,0.15,20,3,
ladder,0.17,14.79,0.28,20,3,
ref,0.17,0.246,0.80,81,3,
ladder,0.17,14.79,0.45,20,3,
ladder,0.17,14.79,0.80,20,3,
ladder,0.17,14.79,1.30,20,3,
ladder,0.17,14.79,1.70,20,3,
#
# ==========================================================================
# mean_u = 0.25   erwartetes f_c ~ 1.81 Hz   Leiter 0.145 .. 21.75 Hz
# Lokales Plateau: 0.145 und 0.362 Hz; diese Punkte duerfen nicht durch die 0.30-Messung ersetzt werden.
#
# --- Flusspunkt mean_u = 0.25 ----------------------------------------
floor,0.25,1.812,0.02,20,8,background
windows,0.25,0.145,1.70,120,3,pilot
windows,0.25,21.75,1.70,20,3,pilot
ladder,0.25,0.145,0.15,138,3,
ladder,0.25,0.145,0.28,138,3,
ladder,0.25,0.145,0.45,138,3,
ladder,0.25,0.145,0.80,138,3,
ladder,0.25,0.145,1.70,138,3,
ladder,0.25,0.362,1.70,56,3,
ladder,0.25,0.362,0.80,56,3,
ladder,0.25,0.362,0.45,56,3,
ladder,0.25,0.362,0.28,56,3,
ladder,0.25,0.362,0.15,56,3,
ladder,0.25,0.906,0.15,23,3,
ladder,0.25,0.906,0.28,23,3,
ref,0.25,0.362,0.80,55,3,
ladder,0.25,0.906,0.45,23,3,
ladder,0.25,0.906,0.80,23,3,
ladder,0.25,0.906,1.30,23,3,
ladder,0.25,0.906,1.70,23,3,
ladder,0.25,1.812,1.70,20,3,
ladder,0.25,1.812,1.30,20,3,
ladder,0.25,1.812,0.80,20,3,
ladder,0.25,1.812,0.45,20,3,
ladder,0.25,1.812,0.28,20,3,
ladder,0.25,1.812,0.15,20,3,
ladder,0.25,3.987,0.15,20,3,
ladder,0.25,3.987,0.28,20,3,
ref,0.25,0.362,0.80,55,3,
ladder,0.25,3.987,0.45,20,3,
ladder,0.25,3.987,0.80,20,3,
ladder,0.25,3.987,1.30,20,3,
ladder,0.25,3.987,1.70,20,3,
ladder,0.25,9.062,1.70,20,3,
ladder,0.25,9.062,1.30,20,3,
ladder,0.25,9.062,0.80,20,3,
ladder,0.25,9.062,0.45,20,3,
ladder,0.25,9.062,0.28,20,3,
ladder,0.25,9.062,0.15,20,3,
ladder,0.25,21.75,0.15,20,3,
ladder,0.25,21.75,0.28,20,3,
ref,0.25,0.362,0.80,55,3,
ladder,0.25,21.75,0.45,20,3,
ladder,0.25,21.75,0.80,20,3,
ladder,0.25,21.75,1.30,20,3,
ladder,0.25,21.75,1.70,20,3,
#
# ==========================================================================
# mean_u = 0.33   erwartetes f_c ~ 2.39 Hz   Leiter 0.191 .. 28.71 Hz
# Lokales Plateau: 0.191 und 0.478 Hz; diese Punkte duerfen nicht durch die 0.30-Messung ersetzt werden.
#
# --- Flusspunkt mean_u = 0.33 ----------------------------------------
floor,0.33,2.392,0.02,20,8,background
windows,0.33,0.191,1.70,105,3,pilot
windows,0.33,28.71,1.70,20,3,pilot
ladder,0.33,0.191,0.15,105,3,
ladder,0.33,0.191,0.28,105,3,
ladder,0.33,0.191,0.45,105,3,
ladder,0.33,0.191,0.80,105,3,
ladder,0.33,0.191,1.70,105,3,
ladder,0.33,0.478,1.70,42,3,
ladder,0.33,0.478,0.80,42,3,
ladder,0.33,0.478,0.45,42,3,
ladder,0.33,0.478,0.28,42,3,
ladder,0.33,0.478,0.15,42,3,
ladder,0.33,1.196,0.15,20,3,
ladder,0.33,1.196,0.28,20,3,
ref,0.33,0.478,0.80,42,3,
ladder,0.33,1.196,0.45,20,3,
ladder,0.33,1.196,0.80,20,3,
ladder,0.33,1.196,1.30,20,3,
ladder,0.33,1.196,1.70,20,3,
ladder,0.33,2.392,1.70,20,3,
ladder,0.33,2.392,1.30,20,3,
ladder,0.33,2.392,0.80,20,3,
ladder,0.33,2.392,0.45,20,3,
ladder,0.33,2.392,0.28,20,3,
ladder,0.33,2.392,0.15,20,3,
ladder,0.33,5.263,0.15,20,3,
ladder,0.33,5.263,0.28,20,3,
ref,0.33,0.478,0.80,42,3,
ladder,0.33,5.263,0.45,20,3,
ladder,0.33,5.263,0.80,20,3,
ladder,0.33,5.263,1.30,20,3,
ladder,0.33,5.263,1.70,20,3,
ladder,0.33,11.962,1.70,20,3,
ladder,0.33,11.962,1.30,20,3,
ladder,0.33,11.962,0.80,20,3,
ladder,0.33,11.962,0.45,20,3,
ladder,0.33,11.962,0.28,20,3,
ladder,0.33,11.962,0.15,20,3,
ladder,0.33,28.71,0.15,20,3,
ladder,0.33,28.71,0.28,20,3,
ref,0.33,0.478,0.80,42,3,
ladder,0.33,28.71,0.45,20,3,
ladder,0.33,28.71,0.80,20,3,
ladder,0.33,28.71,1.30,20,3,
ladder,0.33,28.71,1.70,20,3,
#
# ==========================================================================
# mean_u = 0.45   erwartetes f_c ~ 3.26 Hz   Leiter 0.261 .. 39.15 Hz
# Lokales Plateau: 0.261 und 0.652 Hz; diese Punkte duerfen nicht durch die 0.30-Messung ersetzt werden.
#
# --- Flusspunkt mean_u = 0.45 ----------------------------------------
floor,0.45,3.262,0.02,20,8,background
windows,0.45,0.261,1.70,77,3,pilot
windows,0.45,39.15,1.70,20,3,pilot
ladder,0.45,0.261,0.15,77,3,
ladder,0.45,0.261,0.28,77,3,
ladder,0.45,0.261,0.45,77,3,
ladder,0.45,0.261,0.80,77,3,
ladder,0.45,0.261,1.70,77,3,
ladder,0.45,0.652,1.70,31,3,
ladder,0.45,0.652,0.80,31,3,
ladder,0.45,0.652,0.45,31,3,
ladder,0.45,0.652,0.28,31,3,
ladder,0.45,0.652,0.15,31,3,
ladder,0.45,1.631,0.15,20,3,
ladder,0.45,1.631,0.28,20,3,
ref,0.45,0.652,0.80,31,3,
ladder,0.45,1.631,0.45,20,3,
ladder,0.45,1.631,0.80,20,3,
ladder,0.45,1.631,1.30,20,3,
ladder,0.45,1.631,1.70,20,3,
ladder,0.45,3.262,1.70,20,3,
ladder,0.45,3.262,1.30,20,3,
ladder,0.45,3.262,0.80,20,3,
ladder,0.45,3.262,0.45,20,3,
ladder,0.45,3.262,0.28,20,3,
ladder,0.45,3.262,0.15,20,3,
ladder,0.45,7.178,0.15,20,3,
ladder,0.45,7.178,0.28,20,3,
ref,0.45,0.652,0.80,31,3,
ladder,0.45,7.178,0.45,20,3,
ladder,0.45,7.178,0.80,20,3,
ladder,0.45,7.178,1.30,20,3,
ladder,0.45,7.178,1.70,20,3,
ladder,0.45,16.312,1.70,20,3,
ladder,0.45,16.312,1.30,20,3,
ladder,0.45,16.312,0.80,20,3,
ladder,0.45,16.312,0.45,20,3,
ladder,0.45,16.312,0.28,20,3,
ladder,0.45,16.312,0.15,20,3,
ladder,0.45,39.15,0.15,20,3,
ladder,0.45,39.15,0.28,20,3,
ref,0.45,0.652,0.80,31,3,
ladder,0.45,39.15,0.45,20,3,
ladder,0.45,39.15,0.80,20,3,
ladder,0.45,39.15,1.30,20,3,
ladder,0.45,39.15,1.70,20,3,
#
# Abschluss: Rueckkehr zur lokalen Plateau-Referenz des ersten/dunkelsten
# Flusspunkts. Der Vergleich mit ihrer ersten Wiederholung ist der Driftbefund.
ref,0.10,0.145,0.80,120,8,
